{"cameraMode":{"drawMode":0,"name":"Shaded","section":"Shading Mode"},"sceneLighting":false,"audioPlay":false,"sceneViewState":{"showFog":true,"showMaterialUpdate":false,"showSkybox":false,"showFlares":true,"showImageEffects":true,"showParticleSystems":true},"in2DMode":false,"pivot":{"x":205.19000244140626,"y":27.67999267578125,"z":0.0},"rotation":{"x":-0.16619940102100373,"y":0.07004091888666153,"z":-0.011833584867417813,"w":-0.9835548996925354},"size":651.9866333007813,"orthographic":false}