{"cameraMode":{"drawMode":0,"name":"Shaded","section":"Shading Mode"},"sceneLighting":true,"audioPlay":false,"sceneViewState":{"showFog":true,"showMaterialUpdate":false,"showSkybox":true,"showFlares":true,"showImageEffects":true,"showParticleSystems":true},"in2DMode":false,"pivot":{"x":2.704082727432251,"y":0.40475332736968996,"z":-1.2931994199752808},"rotation":{"x":-0.0038287548813968899,"y":-0.941735029220581,"z":0.33619847893714907,"w":-0.010723481886088848},"size":1.720409870147705,"orthographic":false}