{"cameraMode":{"drawMode":0,"name":"Shaded","section":"Shading Mode"},"sceneLighting":false,"audioPlay":false,"sceneViewState":{"showFog":true,"showMaterialUpdate":false,"showSkybox":false,"showFlares":true,"showImageEffects":true,"showParticleSystems":true},"in2DMode":false,"pivot":{"x":-2.5346832275390627,"y":-4.663620948791504,"z":-12.204620361328125},"rotation":{"x":-0.0038287548813968899,"y":-0.941735029220581,"z":0.33619847893714907,"w":-0.010723481886088848},"size":0.8303244113922119,"orthographic":false}